{
    "global": {
        "scenario": "default",
        "mail_to": "mgasser@nt.tuwien.ac.at",
        "send_mail": true,
        "loglevel": "INFO",
        "overwrite_result": true
    },
    "default": {
        "place": "Neubau - Vienna - Austria",
        "which_result": null,
        "distribution_veh": "uniform",
        "iterations": 5,
        "density_type": "absolute",
        "densities_veh": [
            10,
            20,
            50
        ],
        "connection_metric": "distance",
        "max_connection_metric": {
            "olos_los": 250,
            "nlos": 140
        },
        "simulation_mode": "sequential",
        "building_tolerance": 1,
        "analyze_results": "all"
    },
    "uniform_distance_sequential": {
        "place": "Neubau - Vienna - Austria",
        "which_result": null,
        "distribution_veh": "uniform",
        "iterations": 5,
        "density_type": "absolute",
        "densities_veh": [
            50,
            100
        ],
        "connection_metric": "distance",
        "max_connection_metric": {
            "olos_los": 250,
            "nlos": 140
        },
        "simulation_mode": "sequential",
        "analyze_results": "all"
    },
    "sumo_distance_sequential": {
        "place": "Neubau - Vienna - Austria",
        "which_result": null,
        "distribution_veh": "SUMO",
        "density_type": "absolute",
        "densities_veh": [
            50,
            100
        ],
        "connection_metric": "distance",
        "max_connection_metric": {
            "olos_los": 250,
            "nlos": 140
        },
        "simulation_mode": "sequential",
        "analyze_results": "all",
        "sumo": {
            "sim_duration": 200,
            "warmup_duration": 100,
            "fringe_factor": 1,
            "tls_settings": {
                "cycle_time": 45,
                "yellow_time": 2
            },
            "max_speed": 10,
            "intermediate_points": 100,
            "skip_sumo": false,
            "abort_after_sumo": false
        }
    },
    "uniform_pathloss_sequential": {
        "place": "Neubau - Vienna - Austria",
        "which_result": null,
        "distribution_veh": "uniform",
        "iterations": 5,
        "density_type": "absolute",
        "densities_veh": [
            10,
            50,
            75
        ],
        "connection_metric": "pathloss",
        "max_connection_metric": 116,
        "simulation_mode": "sequential",
        "analyze_results": "all"
    },
    "demo_neubau": {
        "place": "Neubau - Vienna - Austria",
        "which_result": null,
        "distribution_veh": "uniform",
        "density_type": "absolute",
        "densities_veh": 250,
        "connection_metric": "pathloss",
        "max_connection_metric": 120,
        "simulation_mode": "demo",
        "save_plot": true,
        "plot_dir": "images/demo_neubau"
    },
    "demo_upperwestside": {
        "place": "Upper West Side - New York - USA",
        "which_result": null,
        "distribution_veh": "uniform",
        "density_type": "absolute",
        "densities_veh": 250,
        "connection_metric": "pathloss",
        "max_connection_metric": 120,
        "simulation_mode": "demo",
        "save_plot": true,
        "plot_dir": "images/demo_upperwestside"
    },
    "demo_sumo_neubau": {
        "place": "Neubau - Vienna - Austria",
        "which_result": null,
        "distribution_veh": "SUMO",
        "density_type": "absolute",
        "densities_veh": 250,
        "connection_metric": "distance",
        "max_connection_metric": {
            "olos_los": 250,
            "nlos": 140
        },
        "simulation_mode": "sequential",
        "sumo": {
            "sim_duration": 600,
            "warmup_duration": 0,
            "fringe_factor": 1,
            "tls_settings": {
                "cycle_time": 45,
                "yellow_time": 2
            },
            "max_speed": 10,
            "intermediate_points": 100,
            "skip_sumo": false,
            "abort_after_sumo": true
        },
        "save_plot": true,
        "plot_dir": "images/demo_sumo_neubau"
    },
    "demo_sumo_upperwestside": {
        "place": "Upper West Side - New York - USA",
        "which_result": null,
        "distribution_veh": "SUMO",
        "density_type": "absolute",
        "densities_veh": 250,
        "connection_metric": "distance",
        "max_connection_metric": {
            "olos_los": 250,
            "nlos": 140
        },
        "simulation_mode": "sequential",
        "sumo": {
            "sim_duration": 600,
            "warmup_duration": 0,
            "fringe_factor": 1,
            "tls_settings": {
                "cycle_time": 45,
                "yellow_time": 2
            },
            "max_speed": 10,
            "intermediate_points": 100,
            "skip_sumo": false,
            "abort_after_sumo": true
        },
        "save_plot": true,
        "plot_dir": "images/demo_sumo_upperwestside"
    }
}
